<?xml version="1.0" encoding="UTF-8"?>
<TEI xmlns="http://www.tei-c.org/ns/1.0">
  <teiHeader type="ISBD-ER">
      <fileDesc>
         <titleStmt>
            <title type="uniform">A journey to the western islands of Scotland</title>
            <title type="main">Journey to the Western Isles / Samuel Johnson</title>
            <title type="alternative">A journey to the Western Isles of Scotland in 1773</title>
            <author>Johnson, Samuel, 1709-1784<idno type="EE:BIO">johnssamue002091</idno><idno type="LCCN">n78095825</idno></author>
         </titleStmt>
         <extent>
            <seg type="designation">Text data</seg>
            <seg type="size">(2 files : ca. 342, 6 KB)</seg>
         </extent>
         <publicationStmt>
            <authority xml:id="fleda1">deposited by<name type="person">Fleeman, David</name>
               <name type="department">Pembroke College</name>
               <name type="institution">Oxford University</name>
               <name type="place">Oxford</name>
               <address>[Depositor details removed]</address>
            </authority>
            <distributor>
               <orgName type="OTA">Oxford Text Archive</orgName>
               <placeName>Oxford</placeName>
               <address>
                  <orgName type="OTA">Oxford Text Archive</orgName>
                  <orgName type="Bodleian">Bodleian Libraries</orgName>
                  <addrLine>Broad St</addrLine>
                  <addrLine>Oxford</addrLine>
                  <addrLine>OX1 3BG</addrLine>
               </address>
               <email>ota@bodleian.ox.ac.uk</email>
            </distributor>
            <idno type="OTA">0076</idno>
            <idno type="ota">0076</idno>
	           <idno type="PURL">http://purl.ox.ac.uk/ota/0076</idno>
            <!--New OTA availability statement-->
            <availability n="OTA-new" status="free" rend="visible">
               <licence target="http://creativecommons.org/licenses/by-nc-sa/3.0/">
	  Distributed by the University of Oxford under a Creative Commons
	  Attribution-NonCommercial-ShareAlike 3.0 Unported License.</licence>
            </availability>
            <!--Old Availability-->
         </publicationStmt>
         <notesStmt>
            <note anchored="true">Mode of access: Online. OTA website</note>
            <note>Editorial details and coding legend available in accompanying file: jwesterndoc.0076</note>
         </notesStmt>
         <sourceDesc>
            <bibl>
               <note>Johnson, Samuel, 1709-1784. -- A journey to the Western Isles of Scotland in 1773. -- s.l. : s.n., s.d.</note>
            </bibl>
         </sourceDesc>
      </fileDesc>
      <encodingDesc>
         <editorialDecl>
            <p>This is a legacy resource. It is likely to be difficult to use, and is now mainly of interest for the study of the history of text encoding or digital humanities.</p>
            <p>Encoding format: COCOA</p>
         </editorialDecl>
         <classDecl>
            <taxonomy xml:id="OTASH">
               <bibl>University of Oxford Text Archive Subject Headings</bibl>
            </taxonomy>
            <taxonomy xml:id="LCSH">
               <bibl>Library of Congress Subject Headings</bibl>
            </taxonomy>
         </classDecl>
      </encodingDesc>
      <profileDesc>
         <creation>
            <date>1773</date>
         </creation>
         <langUsage>
            <language ident="eng">English</language>
         </langUsage>
         <textClass>
            <keywords scheme="#OTASH">
               <term type="genre">Biographies</term>
            </keywords>
            <keywords scheme="#LCSH">
               <term type="genre">Western Isles (Scotland) -- Description and travel</term>
            </keywords>
         </textClass>
         <textClass>
            <keywords scheme="http://www.ota.ox.ac.uk/processing">
               <term type="class">legacy</term>
               <term type="license">Free for non-commercial use</term>
            </keywords>
         </textClass>
      </profileDesc>
      <revisionDesc>
         <change>
            <date>2002-02-10</date>
            <label>Cataloguer</label>
            <name>Colley, Greg</name>Header recomposed with TEIXML header
      </change>
         <change>
            <date>1997-12-18</date>
            <label>Converter</label>
            <name>Burnard, Lou</name>Header auto-generated from TOMES
      </change>
      </revisionDesc>
  </teiHeader>
  <text>
      <body>
         <div type="OTA-filemap" rend="visible" n="unrestricted">
            <ab type="file">
               <seg type="part">1</seg>
               <seg type="mimetype">text/plain</seg>
               <seg type="format">Unknown textual format</seg>
               <ptr type="resourcePart" target="jwestern.0076"/>
            </ab>
            <ab type="file">
               <seg type="part">2</seg>
               <seg type="mimetype">text/plain</seg>
               <seg type="format">Unknown textual format</seg>
               <ptr type="resourcePart" target="jwesterndoc.0076"/>
            </ab>
         </div>
      </body>
  </text>
</TEI>
